motif_ID	motif_ALT_ID	seq_ID	site_Start	site_End	site_Strand	site_Score	site_Sequence
1-CCAWYC	STREME-1	PBANKA_1104800.1	66	71	+	12.86	CCGTTC
1-CCAWYC	STREME-1	PBANKA_1449800.1	46	51	+	12.86	CCGTTC
1-CCAWYC	STREME-1	PBANKA_1014000.1	41	46	-	12.62	CCGATC
1-CCAWYC	STREME-1	PBANKA_1143300.1	70	75	-	11.97	CCAGTC
1-CCAWYC	STREME-1	PBANKA_1238600.1	28	33	-	11.65	CCAACC
1-CCAWYC	STREME-1	PBANKA_1106800.1	30	35	-	11.65	CCAACC
1-CCAWYC	STREME-1	PBANKA_1440400.1	54	59	-	11.65	CCAACC
1-CCAWYC	STREME-1	PBANKA_1130900.1	9	14	-	11.61	CCATCC
1-CCAWYC	STREME-1	PBANKA_1302800.1	65	70	+	11.17	CCAGCC
1-CCAWYC	STREME-1	PBANKA_1036900.1	26	31	+	11.16	CCAATC
1-CCAWYC	STREME-1	PBANKA_1210300.1	92	97	+	11.11	CCATTC
1-CCAWYC	STREME-1	PBANKA_1363500.1	64	69	-	11.11	CCATTC
1-CCAWYC	STREME-1	PBANKA_1444200.1	85	90	-	11.11	CCATTC
1-CCAWYC	STREME-1	PBANKA_1134900.1	30	35	+	11.11	CCATTC
1-CCAWYC	STREME-1	PBANKA_1013300.1	71	76	+	11.11	CCATTC
1-CCAWYC	STREME-1	PBANKA_1351200.1	28	33	+	11.11	CCATTC
1-CCAWYC	STREME-1	PBANKA_1017600.1	38	43	-	11.11	CCATTC
1-CCAWYC	STREME-1	PBANKA_1343500.1	79	84	+	10.60	CCGAAC
1-CCAWYC	STREME-1	PBANKA_1227800.1	41	46	-	9.29	CCATAC
1-CCAWYC	STREME-1	PBANKA_1028900.1	13	18	+	9.29	CCATAC
1-CCAWYC	STREME-1	PBANKA_1343900.1	36	41	+	9.29	CCATAC
1-CCAWYC	STREME-1	PBANKA_1135700.1	53	58	-	9.11	CCAAAC
1-CCAWYC	STREME-1	PBANKA_1116400.1	67	72	-	9.11	CCAAAC
1-CCAWYC	STREME-1	PBANKA_1013300.1	78	83	+	9.11	CCAAAC
1-CCAWYC	STREME-1	PBANKA_1449800.1	80	85	+	9.11	CCAAAC
1-CCAWYC	STREME-1	PBANKA_1461500.1	1	6	+	8.59	CTGTCC
#
2-AGGAAWTAA	STREME-2	PBANKA_1210000.1	46	54	-	14.11	AGGACTTAA
2-AGGAAWTAA	STREME-2	PBANKA_1438100.1	69	77	+	12.89	AGGAAGTAA
2-AGGAAWTAA	STREME-2	PBANKA_1445400.1	76	84	-	12.87	AGGAAATAA
2-AGGAAWTAA	STREME-2	PBANKA_1440400.1	8	16	+	12.87	AGGAAATAA
2-AGGAAWTAA	STREME-2	PBANKA_1460400.1	55	63	-	12.54	AGGACGTAA
2-AGGAAWTAA	STREME-2	PBANKA_1351100.1	20	28	-	12.15	AGGAATTAC
2-AGGAAWTAA	STREME-2	PBANKA_1036900.1	50	58	-	12.08	AGTAATTAA
2-AGGAAWTAA	STREME-2	PBANKA_1315500.1	3	11	-	12.08	AGTAATTAA
2-AGGAAWTAA	STREME-2	PBANKA_1346100.1	35	43	+	11.54	AGGAATGAA
2-AGGAAWTAA	STREME-2	PBANKA_1227800.1	48	56	-	11.11	TGGAATTAA
2-AGGAAWTAA	STREME-2	PBANKA_1239600.1	87	95	+	11.11	TGGAATTAA
2-AGGAAWTAA	STREME-2	PBANKA_1339000.1	5	13	+	10.90	AGGAAACAA
2-AGGAAWTAA	STREME-2	PBANKA_1339000.1	41	49	+	10.76	AGTACTTAA
2-AGGAAWTAA	STREME-2	PBANKA_1013300.1	14	22	+	10.57	AAGAATTAA
2-AGGAAWTAA	STREME-2	PBANKA_1128600.1	69	77	-	10.57	AAGAATTAA
2-AGGAAWTAA	STREME-2	PBANKA_1106800.1	47	55	-	10.56	AGTAAATAA
2-AGGAAWTAA	STREME-2	PBANKA_1011500.1	56	64	-	10.56	AGTAAATAA
2-AGGAAWTAA	STREME-2	PBANKA_1026800.1	69	77	+	9.81	GGGAAATAA
2-AGGAAWTAA	STREME-2	PBANKA_1418800.1	58	66	+	9.59	TGGAAATAA
#
3-AAWTATAWAYATAT	STREME-3	PBANKA_1442200.1	84	97	+	14.64	AGATATATACATAT
3-AAWTATAWAYATAT	STREME-3	PBANKA_1302800.1	1	14	+	13.54	AGATACATACACAC
3-AAWTATAWAYATAT	STREME-3	PBANKA_1341200.1	5	18	+	13.47	AATTATATACATAT
3-AAWTATAWAYATAT	STREME-3	PBANKA_1106800.1	85	98	+	13.12	AATTATATACATTC
3-AAWTATAWAYATAT	STREME-3	PBANKA_1440400.1	26	39	-	13.07	AGTTACATATATAT
3-AAWTATAWAYATAT	STREME-3	PBANKA_1443700.1	7	20	-	13.03	AAATATAAACATAT
3-AAWTATAWAYATAT	STREME-3	PBANKA_1119000.1	22	35	-	12.72	AAATATATACATAT
3-AAWTATAWAYATAT	STREME-3	PBANKA_1013800.1	1	14	+	12.72	AAATATATACATAT
3-AAWTATAWAYATAT	STREME-3	PBANKA_1418800.1	67	80	+	12.43	AATTACAAATATAT
3-AAWTATAWAYATAT	STREME-3	PBANKA_1351100.1	30	43	-	12.32	AGTTACAAATATTT
3-AAWTATAWAYATAT	STREME-3	PBANKA_1420600.1	81	94	-	12.25	AATTACATATATAT
3-AAWTATAWAYATAT	STREME-3	PBANKA_1352700.1	14	27	+	12.15	AGATATATATATAT
3-AAWTATAWAYATAT	STREME-3	PBANKA_1205400.1	57	70	+	11.97	AAATATAAAGATTC
3-AAWTATAWAYATAT	STREME-3	PBANKA_1364900.1	26	39	+	11.79	AAATATAGATATAC
3-AAWTATAWAYATAT	STREME-3	PBANKA_1338300.1	11	24	-	11.56	AATTATAAATATAT
3-AAWTATAWAYATAT	STREME-3	PBANKA_1463700.1	40	53	-	11.39	AAATATAAAGATTT
3-AAWTATAWAYATAT	STREME-3	PBANKA_1104600.1	1	14	-	10.98	AATTATATATATAT
3-AAWTATAWAYATAT	STREME-3	PBANKA_1115300.1	32	45	-	10.96	AAATACATACAATT
3-AAWTATAWAYATAT	STREME-3	PBANKA_1130900.1	41	54	-	10.94	AAATATAAACAAAT
3-AAWTATAWAYATAT	STREME-3	PBANKA_1442200.1	31	44	-	10.65	AAATATATATATAC
3-AAWTATAWAYATAT	STREME-3	PBANKA_1210300.1	45	58	+	10.23	AAATATATATATAT
3-AAWTATAWAYATAT	STREME-3	PBANKA_1346100.1	10	23	+	10.23	AAATATATATATAT
3-AAWTATAWAYATAT	STREME-3	PBANKA_1364300.1	11	24	-	8.66	AAATATATATACAT
#
4-AAAWAWAAWAAWAAW	STREME-4	PBANKA_1017900.1	17	31	+	14.53	AAATAGAAAAATAAC
4-AAAWAWAAWAAWAAW	STREME-4	PBANKA_1440400.1	78	92	+	13.86	AAATATAGAAACGAC
4-AAAWAWAAWAAWAAW	STREME-4	PBANKA_1013500.1	37	51	+	13.76	AAAAAGAGTAATAAT
4-AAAWAWAAWAAWAAW	STREME-4	PBANKA_1231600.1	24	38	-	13.74	AAATATAAGAATAAC
4-AAAWAWAAWAAWAAW	STREME-4	PBANKA_1364900.1	44	58	-	13.48	AAAAATAACAACAAT
4-AAAWAWAAWAAWAAW	STREME-4	PBANKA_1443700.1	47	61	-	12.73	AAATATAACAACAAT
4-AAAWAWAAWAAWAAW	STREME-4	PBANKA_1320500.1	12	26	+	12.48	AAAAATAATAATGAT
4-AAAWAWAAWAAWAAW	STREME-4	PBANKA_1461500.1	84	98	+	12.40	AAATATAGTAATAAT
4-AAAWAWAAWAAWAAW	STREME-4	PBANKA_1348600.1	81	95	-	12.30	AAAAATAATAATAAA
4-AAAWAWAAWAAWAAW	STREME-4	PBANKA_1205400.1	2	16	+	12.20	AAAAAGAGAAAAAAA
4-AAAWAWAAWAAWAAW	STREME-4	PBANKA_1036800.1	57	71	-	12.00	AAATAAAAAAATGAC
4-AAAWAWAAWAAWAAW	STREME-4	PBANKA_1460400.1	18	32	-	11.79	AAAAAAAAAAATAAC
4-AAAWAWAAWAAWAAW	STREME-4	PBANKA_1352900.1	56	70	-	11.72	AAATATAAAAATAAT
4-AAAWAWAAWAAWAAW	STREME-4	PBANKA_1352600.1	45	59	-	11.65	AAAAAGAAAAAAAAT
4-AAAWAWAAWAAWAAW	STREME-4	PBANKA_1410300.1	15	29	+	11.23	AAATAAAAAAATAAT
4-AAAWAWAAWAAWAAW	STREME-4	PBANKA_1343500.1	27	41	+	11.16	AAATATAAAAATAAA
4-AAAWAWAAWAAWAAW	STREME-4	PBANKA_1445400.1	17	31	-	11.15	AAAAAAAACAATAAA
4-AAAWAWAAWAAWAAW	STREME-4	PBANKA_1343900.1	66	80	-	11.14	AAATATAAGAAAAAT
4-AAAWAWAAWAAWAAW	STREME-4	PBANKA_1355300.1	31	45	+	11.08	AAAAAGAAAAAAAAA
4-AAAWAWAAWAAWAAW	STREME-4	PBANKA_1345400.1	42	56	+	10.66	AAATAAAAAAATAAA
4-AAAWAWAAWAAWAAW	STREME-4	PBANKA_1351200.1	74	88	+	10.66	AAATAAAAAAATAAA
4-AAAWAWAAWAAWAAW	STREME-4	PBANKA_1343600.1	5	19	-	10.65	AAATATAATAAAAAT
4-AAAWAWAAWAAWAAW	STREME-4	PBANKA_1449800.1	3	17	+	10.65	AAATATAATAAAAAT
4-AAAWAWAAWAAWAAW	STREME-4	PBANKA_1244300.1	3	17	-	10.41	AAAAAAAATAACAAA
4-AAAWAWAAWAAWAAW	STREME-4	PBANKA_1411500.1	30	44	-	10.31	AAAAATAAAAATTAA
4-AAAWAWAAWAAWAAW	STREME-4	PBANKA_1350800.1	69	83	-	10.09	AAAAAAAAAAATAAA
4-AAAWAWAAWAAWAAW	STREME-4	PBANKA_1352600.1	47	61	-	10.07	AAAAAAAGAAAAAAA
4-AAAWAWAAWAAWAAW	STREME-4	PBANKA_1443700.1	73	87	-	9.85	AAAAATAGTAGAAAT
4-AAAWAWAAWAAWAAW	STREME-4	PBANKA_1343500.1	33	47	+	9.78	AAAAATAAAATTAAC
4-AAAWAWAAWAAWAAW	STREME-4	PBANKA_1013800.1	35	49	-	9.69	AAAAAAAACAAAAAA
4-AAAWAWAAWAAWAAW	STREME-4	PBANKA_1320000.1	2	16	+	9.59	AAAAAAAGTAAAAAA
4-AAAWAWAAWAAWAAW	STREME-4	PBANKA_1411500.1	33	47	-	9.58	AAAAAAAATAAAAAT
4-AAAWAWAAWAAWAAW	STREME-4	PBANKA_1341200.1	47	61	-	9.48	AAAAATAAAAAATAC
4-AAAWAWAAWAAWAAW	STREME-4	PBANKA_1131900.1	22	36	-	9.28	AAAAATAGTAGAAAA
4-AAAWAWAAWAAWAAW	STREME-4	PBANKA_1444200.1	15	29	-	9.20	AAAAAAAAAAAAAAT
4-AAAWAWAAWAAWAAW	STREME-4	PBANKA_1116400.1	2	16	-	9.20	AAAAAAAAAAAAAAT
4-AAAWAWAAWAAWAAW	STREME-4	PBANKA_1134900.1	8	22	-	9.06	AAATAAAAAAATTAA
4-AAAWAWAAWAAWAAW	STREME-4	PBANKA_1346100.1	65	79	+	9.00	AAAAATAAACAAAAT
4-AAAWAWAAWAAWAAW	STREME-4	PBANKA_1131800.1	28	42	+	8.95	AAAAATAATTACAAA
4-AAAWAWAAWAAWAAW	STREME-4	PBANKA_1461500.1	25	39	+	8.93	AAATATAGCAATAGC
4-AAAWAWAAWAAWAAW	STREME-4	PBANKA_1131800.1	78	92	-	8.83	AAAAATAATAAAAGT
4-AAAWAWAAWAAWAAW	STREME-4	PBANKA_1143300.1	1	15	+	8.70	AAAAAGAAAATTAAA
4-AAAWAWAAWAAWAAW	STREME-4	PBANKA_1445700.1	1	15	+	8.63	AAAAAAAAAAAAAAA
4-AAAWAWAAWAAWAAW	STREME-4	PBANKA_1445700.1	2	16	+	8.63	AAAAAAAAAAAAAAA
4-AAAWAWAAWAAWAAW	STREME-4	PBANKA_1445700.1	3	17	+	8.63	AAAAAAAAAAAAAAA
4-AAAWAWAAWAAWAAW	STREME-4	PBANKA_1445700.1	4	18	+	8.63	AAAAAAAAAAAAAAA
4-AAAWAWAAWAAWAAW	STREME-4	PBANKA_1445700.1	5	19	+	8.63	AAAAAAAAAAAAAAA
4-AAAWAWAAWAAWAAW	STREME-4	PBANKA_1445700.1	6	20	+	8.63	AAAAAAAAAAAAAAA
4-AAAWAWAAWAAWAAW	STREME-4	PBANKA_1444200.1	16	30	-	8.63	AAAAAAAAAAAAAAA
4-AAAWAWAAWAAWAAW	STREME-4	PBANKA_1444200.1	17	31	-	8.63	AAAAAAAAAAAAAAA
4-AAAWAWAAWAAWAAW	STREME-4	PBANKA_1444200.1	18	32	-	8.63	AAAAAAAAAAAAAAA
4-AAAWAWAAWAAWAAW	STREME-4	PBANKA_1444200.1	19	33	-	8.63	AAAAAAAAAAAAAAA
4-AAAWAWAAWAAWAAW	STREME-4	PBANKA_1444200.1	20	34	-	8.63	AAAAAAAAAAAAAAA
4-AAAWAWAAWAAWAAW	STREME-4	PBANKA_1444200.1	21	35	-	8.63	AAAAAAAAAAAAAAA
4-AAAWAWAAWAAWAAW	STREME-4	PBANKA_1444200.1	22	36	-	8.63	AAAAAAAAAAAAAAA
4-AAAWAWAAWAAWAAW	STREME-4	PBANKA_1116400.1	3	17	-	8.63	AAAAAAAAAAAAAAA
4-AAAWAWAAWAAWAAW	STREME-4	PBANKA_1241800.1	51	65	-	8.60	AAAAATAATTAAAAA
